{"cameraMode":{"drawMode":0,"name":"Shaded","section":"Shading Mode"},"sceneLighting":false,"audioPlay":false,"sceneViewState":{"m_AlwaysRefresh":false,"showFog":true,"showSkybox":false,"showFlares":true,"showImageEffects":true,"showParticleSystems":true,"showVisualEffectGraphs":true,"m_FxEnabled":true},"in2DMode":false,"pivot":{"x":1.0675876140594483,"y":0.5232853293418884,"z":-4.5724992752075199},"rotation":{"x":-0.05865390971302986,"y":0.12244100868701935,"z":0.007261783815920353,"w":0.9907288551330566},"size":0.5372756719589233,"orthographic":false}