{"cameraMode":{"drawMode":0,"name":"Shaded","section":"Shading Mode"},"sceneLighting":true,"audioPlay":false,"sceneViewState":{"m_AlwaysRefresh":false,"showFog":true,"showSkybox":true,"showFlares":true,"showImageEffects":true,"showParticleSystems":true,"showVisualEffectGraphs":true,"m_FxEnabled":true},"in2DMode":false,"pivot":{"x":869.8904418945313,"y":18.105623245239259,"z":-674.7583618164063},"rotation":{"x":-0.01235218532383442,"y":-0.9595018029212952,"z":0.27831006050109866,"w":-0.042627111077308658},"size":713.9188842773438,"orthographic":false}